song_id,mean_sim,sd_sim,rms_difference,spectral_bandwidth_difference,spectral_centroid_difference,spectral_contrast_difference,spectral_flatness_difference,spectral_rolloff_difference,zero_crossing_rate_difference,mfccs_offset_difference,mfcc1_difference,mfcc2_difference,mfcc3_difference,mfcc4_difference,mfcc5_difference,mfcc6_difference,mfcc7_difference,mfcc8_difference,mfcc9_difference,mfcc10_difference,mfcc11_difference,mfcc12_difference,mfccs_dist,tempo_difference,key_difference,treble_difference,tbb_difference,voice_type_difference,mean_valence_difference,mean_arousal_difference
AChangeIsGonnaCome_SamCooke,4.884091331511111,1.2530855478546237,-0.004709999999999999,-810.5300000000002,-1149.54,-0.2699999999999996,-1.9e-4,-2840.8599999999997,-0.020239999999999994,-30.973859999999974,43.520279999999985,18.760313,-16.624762000000004,-6.0777300000000025,-15.604547300000002,-5.2233051,-1.3042729999999985,-4.656334200000001,-6.0007602,-5.5025692,2.5306571,2.8481516699999996,54.168778845050134,10,1,0,0,0,0.0010433375102040857,-0.20655979051020407
AnotherOneBitesTheDust_Queen,3.2467814111111113,1.3443468776047711,-0.0034299999999999956,-205.45000000000027,68.88000000000011,-0.6700000000000017,8.9e-4,-78.66000000000076,0.013109999999999997,-26.89551,-21.315970000000007,-4.584762,-9.527304,15.6994215,-3.7307549999999985,-3.9708596,8.001916000000001,1.82443534,-0.9442946059999999,6.31323057,8.31470623,-0.9085356999999998,31.943478344362173,-35,-1,0,0,0,0.060658926504285726,0.19203239208163264
BadDay_DanielPowter,4.6007653403863635,1.1212478948475009,-0.0010399999999999993,-317.1100000000001,357.7299999999998,-1.3100000000000023,9.999999999999999e-5,732.1100000000001,0.027989999999999998,106.81255999999999,26.84790000000001,-61.049153000000004,-14.603795999999996,-27.06388,-27.241039999999998,-14.196472000000002,-3.3706323,-2.47018065,6.0794999999999995,-22.367278,-10.7649636,-1.3317800599999998,83.72289908729911,-20,0,1,-1,2,0.01821824790986394,0.07882784259141157
BetteDavisEyes_KimCarnes,4.646836136906977,1.451094371489059,-0.013769999999999998,-576.8000000000002,-364.77,-1.3900000000000006,0,-1008.6799999999994,0.0070300000000000015,52.44272000000001,31.853595000000013,-24.43576763,-9.669235,-0.31710800000000017,-5.224170999999998,2.2107420000000007,-8.937059,5.09301816,5.6884583,7.1059462,2.9227876,5.964773200000001,44.38824566645918,6,0,0,0,0,0.0107159068877551,0.05839155185799318
BlindingLights_TheWeeknd,4.7222000920000005,1.4361722450144048,0.05581,-791.6700000000001,-1222.29,-0.9499999999999993,-5.8e-4,-2620.6800000000003,-0.03291,80.57801,30.34769999999999,-2.678510000000003,-3.0010480000000044,3.0074699999999996,-12.020415999999997,15.605968899999999,-2.2636160000000007,12.6925947,-5.3295029,5.236732099999999,5.289344,1.527747999999999,39.83226327858071,3,0,0,0,0,0.017166562732142857,0.09801378219005102
BlurredLines_RobinThicke,5.4088472840454545,1.2158394015781349,-0.0126,133.60999999999967,-524.4299999999998,-1.3200000000000003,-0.004909999999999998,-450.84999999999945,-0.02708,-48.24370999999999,10.216819999999998,24.951486799999998,-22.555833,-5.313237000000001,10.251028999999999,10.824194,-12.553010999999998,-1.5685779999999996,0.5411429999999999,-5.2771776,-2.1012569,6.98305228,41.56394142132235,0,0,1,-1,2,-0.01661057871428573,0.06153464955102039
BohemianRhapsody_Queen,2.846297971022222,1.4258800668822262,-0.018500000000000003,212.26999999999998,653.6400000000001,0.39000000000000057,5e-5,1344.1400000000003,0.021719999999999996,-14.323210000000017,-26.69480999999999,-19.151476000000002,12.829468000000006,13.740926300000002,9.829602999999999,-1.6291754999999997,0.5201519999999995,14.17507914,-5.396814770000001,3.545659,1.0910686999999997,-3.7360217,42.30986350477238,55,-1,0,0,0,-0.08775996022959182,-0.03135037086394558
BridgeOverTroubledWater_SimonAndGarfunkel,4.109482200977777,1.2135351923775668,-0.01027999999999999,-1718.71,-2423.32,-1.2899999999999991,-2.8e-4,-6941.780000000001,-0.05065,-58.55818999999997,82.72074000000002,32.919858,-27.017765,16.590744,-15.894662,26.783062,0.49485500000000027,8.946442699999999,15.955329,6.21139524,9.5304594,18.5255594,103.4847170329307,1,4,1,-1,2,-0.03493455064540817,-0.03342513546598641
ComeAndGetYourLove_Redbone,4.464383504911111,1.5497423158037449,-0.03248,888.8000000000002,617.3899999999999,0.8100000000000023,2.7e-4,1673.5099999999993,0.005580000000000002,-34.91452000000001,-32.097139999999996,22.013499999999993,-4.839264,-22.0142887,10.835424,-2.8771291000000003,6.815498,-3.2945939,11.36212406,-1.9109533,14.887011300000001,3.6075244,50.72715793283261,-4,-1,0,0,0,0.18522198367346937,-0.015714639816326537
CrazyInLove_BeyonceFtJayZ,3.3219833904888887,1.4694118132986889,0.02352,601.5500000000002,204.9699999999998,0.28999999999999915,-0.00824,693.1700000000001,-0.016149999999999998,54.22998000000001,-17.121290000000016,8.709722999999997,4.594920999999999,16.465681,25.815995,-2.7895190000000003,25.720795,1.04645692,15.362831,6.622074999999999,17.1868728,10.856297,51.87723404572986,-41,0,0,0,0,0.09444108344897958,0.19992590924489798
Despacito_LuisFonsiDaddyYankee,5.2117046812325585,1.2310990898423748,0.012649999999999995,887.5,1342.1599999999999,-0.9500000000000028,-0.01031,3019.330000000001,0.034670000000000006,54.37085999999999,-30.702285000000003,-9.813228500000001,-10.920865,-13.0464604,-6.407144000000002,-4.6359200000000005,13.765603,-11.1682506,6.907844300000001,4.5542,0.5632270999999998,-5.4295713,42.466770477793304,0,-1,0,0,0,0.028109908571428574,0.11106995889795919
Dilemma_NellyKellyRowland,3.1077624669999997,1.6994678570131778,-0.028620000000000007,623.56,620.9199999999998,0.9199999999999982,4e-5,1461.0299999999997,0.009640000000000003,-7.818339999999978,-42.143280000000004,3.6354059999999997,20.053218,3.4273610000000003,5.766995999999999,-0.8692590000000002,9.224337,14.118980299999999,-7.948800499999999,-0.5378657000000002,-1.3326004000000005,-2.0859126999999997,50.90381142817965,-16,1,-1,1,2,0.10460761563265307,-0.0029862954693877647
Dreams_FleetwoodMac,3.2355667581136363,1.5185746114824064,-0.004090000000000003,-399.3600000000001,-1046.4399999999998,-0.39000000000000057,-2.8000000000000003e-4,-2479.9300000000003,-0.03305,-67.66714999999999,11.060489999999987,43.956499,6.786752999999997,32.3692565,-7.516966000000002,-3.61716,13.984962000000001,2.8406195000000003,-7.947856400000001,8.8670161,8.8214518,-2.0501654,60.37704462391847,2,2,-1,1,2,0.018466582795918368,-0.04235444373469388
EndlessLove_DianaRossLionelRichie,5.405515892386363,1.376605026320445,-0.012899999999999995,-987.7400000000002,-1095.78,-0.13999999999999702,-1.3000000000000002e-4,-3065.74,-0.01706,-47.18610000000001,37.57495,8.710017999999998,-29.392963,13.5055976,-14.829801999999999,12.524614,-3.888420000000001,6.6308506,-0.3710186000000002,4.3473533699999996,-3.0163808999999997,1.9827377000000004,54.79080792565046,-6,0,0,0,0,0.0399103583877551,-0.032717545102040835
EyeOfTheTiger_Survivor,5.609114517863636,0.9115347855057904,-0.02395,524.8199999999997,563.4500000000003,-0.379999999999999,1.7e-4,1133.9899999999998,0.016530000000000003,-20.62514999999999,-22.198399999999992,4.582248,-25.729240000000004,14.483146999999999,-8.619982999999998,-15.829492,8.025147,-7.07994517,8.4040379,-4.272588,1.6876345199999998,-3.4170542999999998,43.9128006483247,1,0,0,0,0,0.05303716390816325,0.029868420755102043
Fallin_AliciaKeys,5.291384451222222,1.1609419767000266,-0.039470000000000005,-850.1300000000001,-1393.04,-1.2200000000000024,-6.999999999999998e-5,-2929.1200000000003,-0.019249999999999996,-97.76648,39.57294999999999,33.3704885,-21.921176999999997,10.7097646,-11.389763,6.4132178,-17.122461,-0.03301979999999993,-10.1436869,-2.5829250000000012,2.274455999999999,-7.642845100000001,62.54624588920888,5,0,0,0,0,-0.0190989657755102,-0.09727893079591837
FlashdanceWhatAFeeling_IreneCara,6.0268697593636364,1.0296040647791345,0.009649999999999992,503.57000000000016,673.8800000000001,-0.34999999999999787,2.5e-4,1679.8000000000002,0.023149999999999997,42.21387999999999,-6.050229999999999,-3.5466569999999997,7.351512999999997,-5.520161,13.272946000000001,-12.731933600000001,0.9103220000000007,-3.1624996999999997,8.9542906,-10.8232842,-0.8062990609999999,0.6581422999999997,26.100007078152007,1,0,0,0,0,0.018370178782312924,0.026972473769132643
GetUrFreakOn_MissyElliot,3.465817469177778,1.356153782495938,0.0016499999999999987,307.80999999999995,-69.94000000000005,-0.1700000000000017,1.3000000000000002e-4,-289.3900000000003,-0.004210000000000005,-15.55743000000001,8.373050000000006,29.978469000000004,-12.340114999999997,-13.0645133,-6.478719999999999,-4.58382044,6.431316600000001,-9.9639463,2.50191636,-15.044811,6.2957407000000005,-7.277905199999999,42.66865332031027,-4,-1,0,0,0,0.03329385309523809,-0.0026198354068877466
GimmeShelter_RollingStones,3.9838675811818183,1.466412292395981,0.022049999999999993,-318.19000000000005,-148.32000000000016,-1.1599999999999966,-2.9e-4,-213.26999999999953,0.0018700000000000036,81.61664000000002,28.764729999999986,-22.399620000000002,15.72023,-13.498915799999999,-8.525230999999998,-9.036216300000001,0.21083299999999916,1.9132065000000003,-4.571240200000001,5.2050082,0.5329965999999999,6.282898899999999,44.76922890475514,-2,0,0,0,0,0.004690366520408162,0.08755203330612245
GodOnlyKnows_TheBeachBoys,3.828206575136363,1.1661158297983312,0.008800000000000002,37.26999999999998,540.9100000000001,-0.9199999999999982,8.999999999999999e-5,1453.3799999999997,0.015299999999999994,49.143219999999985,-21.756009999999975,-37.873394,20.645573,23.8207264,1.8998249999999999,17.146237999999997,3.5929199000000005,6.5448001,22.083129,7.42111276,8.1356823,1.0087452,62.1665128799557,-17,-4,1,-1,2,0.018155957568452376,0.0757183868767007
GoodGollyMissMolly_LittleRichard,3.7475151378409097,1.57413068782079,0.02115,52.80000000000018,-22.699999999999818,-0.08999999999999986,-7.000000000000001e-4,-257.85000000000036,-0.005099999999999993,125.15285999999998,28.934050000000013,-25.0886,-11.661074999999997,-17.577317299999997,-0.5112360000000002,-13.974948999999999,-1.0126104999999992,-13.6344032,11.5142536,-9.0163932,-2.04703436,-3.80395635,50.2650630290466,-25,0,1,-1,2,0.0695823305837585,0.1360515957287415
Happy_PharellWilliams,5.545691599444445,1.0921191292759993,0.041299999999999976,626.4000000000001,1445.6999999999998,0.21000000000000085,-0.0035200000000000006,2718.9500000000007,0.04614000000000001,55.72111000000001,-21.313164999999998,12.275877,-0.1366429999999994,-18.1005465,6.383416000000004,-1.4568689999999975,-12.548796,-2.343477,5.303743000000001,-9.49683,-9.322623199999999,-9.3000439,37.817361564311724,0,3,1,-1,2,0.028399253877551045,0.05150779197959185
HeatWaves_GlassAnimals,4.521991956288889,1.4583319628199058,0.011249999999999996,201.55000000000018,-597.3600000000001,0.21999999999999886,-7.4e-4,-821.5999999999995,-0.03949,-26.44144,15.771739999999994,39.374228,2.514325999999997,1.0544949999999993,5.1621169999999985,5.631597999999999,5.4557009999999995,8.8999857,7.5124591,4.3232368,3.7508125000000003,1.5630692000000002,45.44763330330827,-16,0,0,0,0,-0.045759631744047624,-0.12924081242984692
HeyYa_Outkast,2.8390572640222222,1.5093158786451764,0.04907,-1053.6399999999999,-1031.0399999999997,-0.13999999999999702,-0.00109,-2666.75,-0.02121,81.26808,49.48894999999999,-37.9389526,-9.303066000000001,-8.035461,9.602563,28.3572485,2.378862,21.016327,9.6732621,20.861795,2.3471506,16.078292,78.58836294560273,-35,-4,1,0,1,0.14718018997959184,0.34816397951020406
HowDoILive_LeAnnRimes,5.711333966511111,1.0271671554863235,-0.0026300000000000004,707.5,527.6000000000004,0.4700000000000024,-8.500000000000001e-4,1593.83,9.499999999999995e-4,2.62478999999999,-13.283029999999997,1.0840040000000002,27.338249000000005,-7.7111374999999995,27.373574399999995,-8.283145999999999,13.885483699999998,5.3133041,5.5410237,4.147597824,7.591395534,2.6649278,46.21745373125802,-1,0,0,0,0,-0.09117792265306122,-0.07111922422448978
IWalkTheLine_JohnnyCash,3.0080200881904764,1.6330435622954629,0.02486,445.47,190.71000000000004,2.2699999999999996,9.999999999999999e-6,477.44000000000005,-0.0023899999999999998,8.102329999999995,19.091610000000003,-14.611585999999999,-16.968177999999995,-15.679771500000001,2.678835000000001,-8.1602013,-3.2051370000000006,2.419544,-1.6863569999999999,0.5870785999999999,4.753648,9.8100033,36.38236180620749,-16,-1,1,0,1,0.056634178224489795,0.0011192885918367423
IWannaDanceWithSomebody_WhitneyHouston,2.4202203431333333,1.3439284116360155,-0.00596,1494.9,2880.9300000000003,-0.6999999999999993,7.300000000000001e-4,6400.5999999999995,0.08786,85.46038000000001,-32.134690000000006,-14.044192,21.939190000000004,11.664147999999999,19.4509176,-8.8514203,20.3676257,7.777238999999998,11.09723577,6.6162222,23.4968218,-3.166368500000001,59.23106498107323,-28,-4,0,0,0,0.1773457843877551,0.3558421910816326
IWantToHoldYourHand_TheBeatles,2.9349148148,1.3203420420971548,0.009939999999999997,-126.46000000000004,671.1399999999999,-2.8200000000000003,1.9999999999999998e-5,1256.77,0.029519999999999998,36.60559000000001,-24.234949999999998,-32.863306,1.4606819999999985,10.224580999999999,9.474936,-15.590841099999999,20.0529143,3.530525,0.6613698000000001,6.2186148,6.2187155999999995,1.0650411499999999,50.99366004513839,-49,5,1,-1,2,0.15834896899999998,0.2969526643877551
IWillAlwaysLoveYou_WhitneyHouston,6.769158456790698,0.470872979474214,-0.00238,-193.5899999999997,-70.11000000000013,-1.8900000000000006,-9.999999999999999e-6,-340.8800000000001,-0.007280000000000002,171.14842000000004,-4.20317,-4.4623349999999995,14.142504000000002,3.9918649999999998,2.2674909999999997,-5.223160999999999,-5.7855452,5.624919,1.8158168,1.8642876,-0.325952,13.3314522,23.144465254743668,-1,0,0,0,0,-0.038556971591836714,0.02544682657142857
IllMakeLoveToYou_BoyzIIMen,4.564954663209303,1.2578216451262278,0.00811,1279.0900000000001,1373.04,-1.5500000000000007,4.2999999999999994e-4,3360.9000000000005,0.0238,70.04840000000002,-16.011750000000006,22.226076999999997,31.888144,9.9408745,1.7530549999999998,1.4558821,-9.3187713,-8.2884954,12.4568554,-4.693008699999999,-2.256482,6.72138766,47.47891257946705,-9,-2,0,0,0,-8.77058081632659e-4,0.06660107875510206
Irreplaceable_Beyonce,4.392317806068182,1.5728121168798752,-0.00699000000000001,779.6600000000003,1483.3200000000002,-0.17999999999999972,5.9e-4,2899.1499999999996,0.03954,152.6291,-57.63571,-70.116718,22.39039,-46.739225,-0.9420929999999998,-12.364785,10.156628500000002,-4.4353868,18.48456,4.501829,1.214074300000001,-0.6636217999999998,107.53873221847115,0,-6,-1,1,2,0.0033209187959183637,0.205676736
ItsAllInTheGame_TommyEdwards,4.406681184822222,1.6452089488298367,0.02725,258.1199999999999,247.45000000000027,1.9199999999999982,-9.1e-4,848.1700000000001,-0.013249999999999998,107.79515,12.832459999999998,-70.31378790000001,15.734407000000001,-14.797403,4.051005,14.113867999999998,3.189969999999999,15.3894904,25.89572,-5.8887982,14.348712500000001,23.581771500000002,86.63204654475432,-1,1,0,0,0,0.0768129673265306,0.02776404891836734
JoyToTheWorld_ThreeDogNight,5.244437510093023,1.3800949151509505,-0.03344,-1063.8200000000002,-1439.43,-1,-0.00124,-2895.8599999999997,-0.04573,-109.77228,58.22334999999998,-9.400163,-19.407942000000002,15.174050999999999,-10.91124,17.0720402,-6.777954299999999,10.9674237,-3.1483950000000007,5.93887917,-1.5975728999999999,9.7977414,69.32320679754531,2,0,0,0,0,0.049076086692176876,-0.0776030051947279
Kiss_Prince,2.3149331282444443,1.3476787435481268,-0.01369,1481.6099999999997,2499.26,-1.1899999999999977,0.00248,5090.75,0.0668,-28.975070000000017,-95.78904,-15.395543,10.007862,2.5430809999999973,3.0620060000000002,-4.028004000000001,8.360019600000001,-6.5634701,1.9007239999999994,-3.6741970000000004,-1.1302019,5.7833255999999995,98.53727184296028,27,0,0,0,0,0.1268420697346939,0.1576472138367347
LeFreak_Chic,4.727564520837209,1.5685280594442512,-0.0044500000000000026,-250.67999999999984,139,0.870000000000001,6.000000000000001e-4,-373.9800000000005,0.02187,-26.570940000000007,-12.046569999999988,1.746974999999999,-16.379309999999997,11.199129,-6.264372999999999,2.6560170000000003,-19.29110242,10.2039156,-14.671456,2.7613227,-10.3108754,-9.3526187,38.485055939467244,2,0,0,-1,1,0.14729451165008503,0.017386854401785695
LetsGetItOn_MarvinGaye,2.987999671681818,1.4045927802994214,-0.009430000000000004,-66.37000000000035,448.70000000000005,-0.5599999999999987,-4.9e-4,1241.4300000000003,0.017620000000000004,13.974150000000009,0.7621599999999944,-38.106944,-3.3097199999999987,-0.7675433999999999,7.812028,12.1419224,0.36012430000000073,11.469019300000001,-7.341037,3.6950359,9.9900967,7.3705237,45.01173578873535,-32,1,1,-1,2,0.0861715801181973,0.06971818254889456
Levitating_DuaLipa,3.76163650427907,1.454204486238838,-0.017689999999999997,321.7999999999997,361.1199999999999,0.8200000000000003,-9.999999999999994e-5,683.8900000000003,0.005099999999999993,-22.119609999999994,5.578310000000016,6.369314000000003,1.6613690000000005,-6.935522000000001,-2.526482999999999,-0.7132959999999997,5.741057999999999,2.4867156,-0.47265399999999946,0.6336624000000004,1.128634,-5.2789617,14.083639650239787,0,0,0,0,0,0.23569750357142857,-0.022925229265306102
LikeAPrayer_Madonna,5.619981125533333,0.9505739843759408,-0.00909,109.82000000000016,208.91999999999962,0.5500000000000007,-0.0019199999999999998,658.3500000000004,0.0037700000000000095,-24.41153,14.322750000000013,-6.507155999999995,13.826374000000001,-11.898861000000004,5.46669,-8.304827,2.5581499999999995,3.2947525000000013,-8.2164055,10.92639957,-5.5184387,11.2124816,32.24218619434082,-2,4,0,0,0,0.0330816463265306,0.07419353853061225
LikeARollingStone_BobDylan,4.05922039275,1.4278954203990135,0.02639,-1004.4500000000003,-518.9099999999999,0.240000000000002,-9.599999999999999e-4,-1760.7399999999998,0.0025000000000000022,95.00138000000001,40.37120999999999,-51.72885696,14.223700999999998,-15.054188700000001,-2.4390510000000027,-9.373586000000001,-16.9848617,-1.3238530000000006,-13.448986000000001,5.018858600000001,-17.02984,5.106660769,75.10566094196106,6,-3,0,0,0,0.02518068753061225,0.14197022291836736
LivinOnAPrayer_BonJovi,3.236873809409091,1.6020189599578007,0.012140000000000012,730.94,1636.81,-1.9399999999999977,1.7e-4,3385.1600000000003,0.0523,119.98373000000004,-32.67375000000001,-57.317162,34.763535000000005,-8.442793,8.881114,9.013155,18.232930399999997,6.5425605000000004,22.046867,8.3650766,12.8983322,14.473299999999998,84.26062753983831,-21,1,0,0,0,0.11329882714285713,0.3675948076734694
MackTheKnife_BobbyDarin,2.236950544818182,1.1570445617876466,0.005919999999999998,-1047.69,-1362.93,2.9899999999999984,-0.00107,-2484.67,-0.03959,-115.45025999999996,12.103650000000016,80.136933,-0.9228129999999979,10.701842500000001,-13.333854,4.880749000000001,-26.6075196,-7.66876435,-14.379858,-4.5759006,1.0146869,-2.7148338,88.81615790147194,-6,4,0,0,0,0.18935045583673468,-0.15317586597959182
Mood_24kGoldnianndior,3.552329410636364,1.2738035996556474,-0.024349999999999997,326.9200000000001,1110.9299999999998,-0.9699999999999989,1.1e-4,2637.5499999999997,0.030539999999999998,58.63523999999998,2.1779399999999782,-67.14598000000001,15.115513,-14.341866,-11.151691000000003,-6.460916999999999,-0.39648960000000066,-12.231505,0.005354500000000151,0.4924925,-4.500216600000001,4.2130947,72.81214994462627,-23,2,1,-1,2,0.0469297768979592,0.18697299577551021
MyGirl_TheTemptations,3.6343072095,1.51805236005986,0.046,877.7000000000003,327.69000000000005,-3.3900000000000006,1.9e-4,1462.2499999999995,-0.0074800000000000005,162.75771999999998,34.16488399999999,11.468489999999996,25.156966,-12.365311000000002,-0.4709039999999973,6.3393109999999995,41.376714,-13.05346863,-5.36385714,0.7152150000000006,-1.02267675,1.0000957000000001,63.55078355432183,-6,3,1,-1,2,0.1472152432653061,0.08994919812244899
NoOne_AliciaKeys,3.529239199311111,1.2122635157825905,0.11024999999999999,239.9699999999998,-483.07000000000016,1.0600000000000023,-0.009309999999999999,-1641.6399999999994,-0.03226,49.13819000000001,-11.714560000000006,30.625304,-31.846898,25.661293999999998,-11.2442565,-7.833391399999999,30.057218,-8.2960056,24.2993657,-15.9599847,33.743233000000004,-11.430619029999999,77.6039147252821,29,-5,-1,1,2,-0.09277516635416667,-0.17052939372916667
NoScrubs_TLC,5.602524820377778,1.0253310522744528,-0.015350000000000003,332.02,1023.3000000000002,0.07000000000000028,-4.2e-4,1943.4799999999996,0.032139999999999995,-11.077579999999983,-14.822769999999991,-5.113505000000002,6.793172999999996,-12.704974000000002,3.697266000000006,2.743026999999998,-11.958627,4.0787089,-8.0101358,5.8715063999999995,-1.8405459999999998,12.6658954,29.94518300865137,1,1,0,0,0,0.014984777560374153,0.06080303455442178
OldTownRoad_LilNasX,5.2400907301111115,0.9878511134875656,-0.04164000000000001,296.2600000000002,165.55000000000018,0.07000000000000028,0.01505,239.45000000000027,-0.00519,-40.29443999999998,-30.752409999999998,-10.629688000000002,-32.038845,-8.448861,-18.3353417,-28.717959,-5.6545193,-20.6985624,-17.219822999999998,-14.9589266,-5.8116345,-15.14912874,67.53846913838954,0,0,0,0,0,-0.011341637285714287,0.08569574308163265
PartyRockAnthem_LMFAO,4.362465739863636,1.357383184483451,-0.07346,2087.2200000000003,2136.8,-2.150000000000002,0.006790000000000001,5485.339999999999,0.04624,28.628254999999996,-56.035369999999986,37.294899,-26.704441000000003,-7.355066000000001,3.138843999999999,-24.83412359,31.810607,-28.685531400000002,33.767973999999995,-22.496698000000002,31.433936000000003,-14.426077,102.96619994941256,-10,0,0,0,0,0.08058679626530613,0.12252022687755103
Perfect_EdSheeran,5.6044921443409095,1.0093059512551694,-0.020210000000000006,-915.0099999999998,-1307.0699999999997,-0.10999999999999943,-0.0010499999999999989,-3444.039999999999,-0.030739999999999996,-30.886799999999994,41.38395,2.1531959999999977,18.492771000000005,31.364107999999998,-3.996807999999998,20.681609,4.46513,20.650032799999998,8.3027003,6.268720000000001,17.9326383,4.5701137,66.209661110946,1,0,0,0,0,-0.008067697510204086,-7.435530612244778e-4
PokerFace_LadyGaga,4.028753235931818,1.4796547197209031,0.05672000000000002,1443.17,1687.94,-0.9500000000000028,-0.00904,4498.32,0.03161,81.24264,-41.25998000000001,-4.922398000000001,16.327973,-14.447714999999999,23.885626,-7.876791000000001,19.6376154,-8.7728516,14.963404,-5.645909684,5.007592000000001,3.19635126,59.90153042107626,6,0,0,0,0,0.08667777285714286,0.1417897167142857
Respect_ArethaFranklin,2.2671398004186045,1.3452823803059568,-0.03504999999999999,-731.7799999999997,-655.06,1.7699999999999996,-7e-4,-1995.4399999999996,-0.006589999999999999,-126.31372999999996,19.33474000000001,-0.9885749999999973,-6.288993000000001,6.0499358,-4.682500000000001,11.727097800000001,-11.8705927,5.8153775,-17.5208036,6.471477999999999,-9.14227476,-9.91048409,36.2739616266778,18,-1,-1,1,2,0.2079589785510204,-0.05632635614285714
RockWithYou_MichaelJackson,3.629045947911111,1.4582373875241892,-0.017199999999999993,417.9899999999998,787.6500000000001,-0.370000000000001,-2.5e-4,1913.8099999999995,0.01965,-1.7152399999999943,-22.853919999999988,-10.457616999999999,14.207829000000004,-2.274761,20.886656199999997,7.3996224,-3.1283720000000006,13.1020653,6.6877079,2.02112018,-1.8807105,11.624159200000001,41.21439691892093,-2,1,1,-1,2,0.031610759847363945,0.08523145928741496
SaveYourTears_TheWeekndArianaGrande,3.571277835866667,1.4533740187581985,0.028649999999999995,390.7999999999997,277.7199999999998,-1.0599999999999987,-8.000000000000002e-5,974.71,-0.008299999999999995,27.266410000000008,-12.790099999999995,1.2418440000000004,6.537573999999999,1.4398850000000003,6.365689999999997,13.127194999999999,1.2869379999999992,7.302135699999999,1.6599171,-1.783131946,3.1635333,4.000293599999999,22.576753669036393,2,1,1,-1,2,0.12145347397959183,0.1951995800408163
ShapeofYou_EdSheeran,4.165807094488372,1.43213479291768,0.04879,230.9100000000003,232.2199999999998,-0.8100000000000023,-0.010100000000000001,519.3599999999997,0.0015100000000000044,53.84571,1.30886000000001,-3.2123220000000003,-11.253873000000006,-5.18556914,-8.892890000000001,-0.9330829999999999,-11.008388499999999,-13.13940707,-5.3680547,-5.019684999999999,-8.1985168,0.7416679999999998,25.71251994254441,-4,1,1,-1,2,0.04350822197704082,0.21390859289838438
SmellsLikeTeenSpirit_Nirvana,6.2382046148666666,0.9581486761256224,-0.025910000000000002,-178.19000000000005,120.77999999999975,-0.5800000000000018,-5.600000000000001e-4,-20.979999999999563,0.012749999999999997,-24.20089999999999,6.5351599999999905,-20.767400000000002,13.027117000000004,-5.3276625,10.587941999999998,9.670351,-2.0766870000000033,-1.6625820000000004,-10.751808,6.568192499999999,-12.15113877,6.176109799999999,35.06161761453437,0,0,0,0,0,0.010376005918367348,0.041034947061224486
Smooth_SantanaRobThomas,5.708939399022222,1.1425189981670965,0.009300000000000003,1178.71,1378.63,0.13999999999999702,3.7999999999999997e-4,3437.8700000000003,0.03128,39.23270000000002,-37.32154,-1.5730179999999976,10.100294000000005,-9.198334999999998,15.106994999999998,-4.776747,9.059444000000001,-9.1811046,6.711462699999999,-2.9479605,0.41081700000000065,-0.5332582000000001,45.316544373487964,2,0,0,0,0,0.03773774346938774,0.07263300638775509
SomebodyThatIUsedtoKnow_Gotye,5.606971964511111,0.9603255674833094,0.022930000000000006,-169.13999999999987,-382.50999999999976,-1.509999999999998,0.0033900000000000007,-1206.2599999999993,-0.01759000000000001,1.578579999999988,11.484139999999996,11.614359,-7.9452209999999965,10.6090944,0.8500770000000024,0.90709741,5.7679982999999995,-9.543727500000001,16.2075998,-5.466231400000001,15.478313,-10.5071894,34.79800859613086,0,0,0,0,0,-0.05541071167346939,-0.03189245448979593
StandByMe_BenEKing,3.483940268452381,1.4210219263417647,0.010410000000000003,-789.4500000000003,-716.5000000000002,-1.5799999999999983,-4.9e-4,-2151.82,-0.01183,-1.597660000000019,35.396240000000006,-2.7247500000000002,-13.117427,0.2884918000000001,3.0656370000000006,2.9784607999999997,-12.141814400000001,5.84173013,3.4894702,-1.4655164999999997,-2.67820405,11.281916599999999,42.20267259426886,-23,3,1,-1,2,0.0035263046938775466,0.006193662102040809
StayinAlive_BeeGees,5.149416021227273,1.239167776025908,0.013380000000000003,436.73,487.5500000000002,1.1499999999999986,-1.9999999999999998e-4,841.4900000000007,0.008190000000000003,18.825740000000025,-8.003309999999999,-9.601039999999998,-3.4727250000000005,18.227862000000002,20.008864000000003,-7.975730780000001,9.116857,0.6160022000000005,3.27689428,-4.3603029399999995,-11.97878605,5.5972934,35.391841699140016,2,0,1,0,1,0.0453292356122449,0.07931857418367345
StrawberryFieldsForever_TheBeatles,3.035170877266667,1.4429200310534889,-0.02031999999999999,-1568.4300000000003,-1519.46,0.23000000000000043,-0.00152,-4008.3,-0.03566,-86.38449,60.88493,-12.610603999999995,6.473662999999995,-3.0843349999999994,-12.078111999999999,18.709916,-37.341201,18.76547194,-31.066595,10.138667,-16.1179543,11.04114874,87.23241802558864,4,-0.5,0,0,0,0.11811490278656461,-0.238117999832483
Stronger_KanyeWest,2.4588484818444445,1.4431153924494131,0.04106,165.52999999999975,-674.4899999999998,-0.1999999999999993,-3.3e-4,-562.5699999999997,-0.056710000000000003,7.371049999999997,6.230000000000018,23.103849,3.7192070000000044,21.869990599999998,8.634468000000002,11.654855299999998,-4.4307057,10.2303848,8.5147899,2.50238593,0.5208453999999998,0.06591529999999945,38.45062484761546,-10,0,1,-1,2,0.0570358319387755,0.11462399967346938
Superstition_StevieWonder,3.383519431159091,1.477513930327369,0.013630000000000003,332.1700000000001,-101.38000000000011,-1.5100000000000016,-0.0028599999999999997,364.1700000000001,-0.01407,123.84257,46.7822,-7.413935000000002,4.380337000000004,-16.044284,4.0112559999999995,0.6265779999999985,8.033476,5.0031793,10.2576228,3.7949663399999998,6.64437514,18.70186,56.03326037504919,-1,1,0,0,0,0.04151936210204081,0.22484980885714287
TheBattleOfNewOrleans_JohnnyHorton,3.0470611341818183,1.6376566660390373,0.03237,-63.19999999999982,1066.56,2.4700000000000024,-3.9999999999999996e-4,1910.6299999999997,0.044160000000000005,245.65308,-8.522339999999986,-71.048392,19.031111000000003,-12.1322966,-3.369047000000002,-9.3821111,-2.8227482,3.2192425,-6.94867569,5.35801013,-8.73311637,-2.4398027000000004,76.85569811501415,-19,0,0,0,0,0.14770859497023808,0.18073892762329932
TheBoyIsMine_BrandyMonica,5.935913996266667,0.9644747849540052,-0.028560000000000002,105.19999999999982,-764.3599999999997,-0.05000000000000071,-5.399999999999999e-4,-596.1900000000005,-0.06098000000000002,-91.21858,6.164519999999996,17.183983500000004,-7.71656999999999,18.844556,-15.262323000000002,10.479374999999997,-8.289869,5.922986999999999,-10.1617031,2.9077912,-1.9019110000000001,-1.5186039999999998,36.22363495099679,0,0,0,0,0,0.014350166816326539,-0.01741866628571429
TheSign_AceOfBase,5.011589674022727,1.352296549007039,0.003960000000000005,1131.0799999999995,1369.87,0.7099999999999973,5.099999999999999e-4,3180.3099999999995,0.013719999999999996,-24.17801,-30.885706000000013,33.823447,6.595817000000004,-18.587539999999997,1.405812000000001,-5.820713000000001,7.595177,-5.946535839999999,-4.756412399999999,-2.2833219,8.0352165,-1.559529185,52.06431320869808,18,0,0,0,0,0.06648461063180272,-0.06350754181079932
TikTok_Kesha,3.576525813886364,1.6175841167304923,0.08162000000000001,1004.6500000000001,1158.7400000000002,-3.6400000000000006,0.01814,2608.92,0.021650000000000003,105.91494,-30.057530000000014,-12.052901,-2.6701580000000007,25.685925,21.319091,11.346072,25.963004769999998,0.4447390000000002,28.927770000000002,2.6738817,9.18986737,5.193380000000001,62.677961023385286,-28,0,0,0,0,0.06284984300255103,0.4045494524859694
TossinAndTurnin_BobbyLewis,2.900244985488889,1.461898544240922,0.02769,-185.57999999999993,-110.63000000000011,1,-8.8e-4,-297.9300000000003,-0.01612999999999999,39.47773999999998,1.8984200000000158,-11.715713999999998,12.810029999999998,6.577779,6.857512,5.928405999999999,-5.513282,11.253433300000001,-14.1291383,6.693461299999999,-9.9116058,3.4469358,30.691851938242984,16,5,0,0,0,0.08422344718163266,0.004672803510204104
UnbreakMyHeart_ToniBraxton,3.2524716042954545,1.682947873736751,-0.035739999999999994,412.09000000000015,560.44,0.41999999999999815,-2.9e-4,1620.6200000000008,0.012579999999999994,-30.051890000000014,-1.862589999999983,-0.5745220000000018,7.414192,-13.9211207,8.555442,-5.2037037,18.270681800000002,6.41951347,1.1665470000000013,-3.343122,11.852518029999999,6.6599269,30.417813116814436,60,-3,-1,1,2,-0.15982671636734694,-0.18564867108163266
UptownFunk_MarkRonson,6.274419527511111,0.9087178679591212,-0.026769999999999988,-163.59000000000015,-167.67999999999984,-1.6600000000000001,0.0033100000000000004,-542.3299999999999,2.0000000000000573e-4,-30.435910000000035,4.258849999999995,7.439045999999998,0.6594540000000002,15.960563000000002,-6.3891729999999995,15.432295700000001,4.3940551999999995,3.3127956000000003,1.6876088999999999,13.3328924,-2.0229235,7.4453974,29.631933501410447,0,0,0,0,0,0.03235247885714285,-1.1860155102039194e-4
Weak_SWV,3.2793256216976743,1.6080078672650826,-0.04547999999999999,1391.5099999999998,2166.05,-0.39000000000000057,6.2e-4,4944.85,0.05624,12.05332999999996,-42.48734,-26.43794544,9.237473000000001,-28.059252819999998,7.797516000000002,-16.146518,11.624285,7.716515299999999,10.9521699,8.526388899999999,11.4906843,2.31570234,64.98476083851982,4,2,0,0,0,0.045655098959183675,0.048096621020408153
YouLightUpMyLife_DebbyBoone,6.485691953954546,0.7427942298972867,0.002829999999999999,-200.19999999999982,-142.48000000000002,0.490000000000002,-1.9e-4,-458.3000000000002,-0.002149999999999999,24.7294,25.167910000000006,-6.717746999999999,1.4640199999999979,-15.027024,-0.4346560000000004,-0.2891470000000034,-11.033914000000001,9.3035082,-9.568573,-11.7287433,2.8098433000000003,-5.5843888999999995,37.192516795781856,3,0,0,0,0,0.04614998585714286,-0.010790010530612237
